{"cameraMode":{"drawMode":0,"name":"Shaded","section":"Shading Mode"},"sceneLighting":false,"audioPlay":false,"sceneViewState":{"m_AlwaysRefresh":false,"showFog":true,"showSkybox":false,"showFlares":true,"showImageEffects":true,"showParticleSystems":true,"showVisualEffectGraphs":true,"m_FxEnabled":true},"in2DMode":false,"pivot":{"x":-0.06546640396118164,"y":-0.5541911125183106,"z":0.5840249061584473},"rotation":{"x":0.20512869954109193,"y":-0.08064817637205124,"z":0.016964999958872796,"w":0.9752643704414368},"size":2.828869104385376,"orthographic":false}