{"cameraMode":{"drawMode":0,"name":"Shaded","section":"Shading Mode"},"sceneLighting":false,"audioPlay":false,"sceneViewState":{"m_AlwaysRefresh":false,"showFog":true,"showSkybox":false,"showFlares":true,"showImageEffects":true,"showParticleSystems":true,"showVisualEffectGraphs":true,"m_FxEnabled":true},"in2DMode":false,"pivot":{"x":-0.1572284698486328,"y":-0.02105388045310974,"z":0.3545781672000885},"rotation":{"x":0.07293755561113358,"y":-0.8077598214149475,"z":0.10389164090156555,"w":0.5766675472259522},"size":0.7140336632728577,"orthographic":false}