{"cameraMode":{"drawMode":0,"name":"Shaded","section":"Shading Mode"},"sceneLighting":false,"audioPlay":false,"sceneViewState":{"m_AlwaysRefresh":false,"showFog":true,"showSkybox":false,"showFlares":true,"showImageEffects":true,"showParticleSystems":true,"showVisualEffectGraphs":true,"m_FxEnabled":true},"in2DMode":false,"pivot":{"x":99.26519775390625,"y":12.189371109008789,"z":102.29740142822266},"rotation":{"x":0.014690822921693325,"y":0.00035518244840204716,"z":0.00036608666414394975,"w":-0.999995768070221},"size":103.74126434326172,"orthographic":false}